Code|Label|Description|Year|Reference
Earth|Earth|The only planet known to support life, with oceans and land.||
Jup|Jupiter|Massive gas giant with a Great Red Spot storm.||
Mars|Mars|Red, dusty, and potentially home to ancient water.||
Mer|Mercury|Small, rocky, and closest to the Sun||
Nep|Neptune|Cold, blue ice giant with strong winds.||
Pluto|Pluto|A small, icy dwarf planet in the Kuiper Belt, with a highly elliptical orbit.||
Sat|Saturn|Gas giant with prominent, beautiful rings.||
Uran|Uranus|Ice giant tilted on its side, with faint rings.||
Ven|Venus|Hot, with thick clouds and extreme greenhouse effect.||
